interaction,Kendall,name,NMI,selected,shared interaction,shared name,Spearman,Weight
DQ576060,1.0,DQ582680,1.0,False,DQ576060,DQ582680,1.0,1.0
DQ582666,1.0,DQ593627,1.0,False,DQ582666,DQ593627,1.0,1.0
H3C12,0.8095238,H2AC17,1.0,False,H3C12,H2AC17,0.94285715,0.9174602627754213
COMBINAT11,0.9238095,CR608080,0.844711,False,COMBINAT11,CR608080,0.98214287,0.9168878197669984
CD86,1.0,FYB1,0.7494405,False,CD86,FYB1,1.0,0.9164801239967346
SBSPON,0.8857143,AL833212,0.8889651,False,SBSPON,AL833212,0.9678571,0.9141788482666016
COMBINAT7,0.9238095,CCL3,0.8000542,False,COMBINAT7,CCL3,0.98571426,0.903192698955536
AOAH,0.8666667,HLA-DMB,0.8268676,False,AOAH,HLA-DMB,0.95357144,0.8823685646057129
NCKAP1L,0.9238095,FYB1,0.7367408,False,NCKAP1L,FYB1,0.98214287,0.8808977603912354
TLR7,0.94285715,FYB1,0.698689,False,TLR7,FYB1,0.98571426,0.8757534623146057
ITGAM,0.8666667,FYB1,0.7845327,False,ITGAM,FYB1,0.9607143,0.8706378936767578
HAVCR2,0.96190476,FYB1,0.65333265,False,HAVCR2,FYB1,0.99285716,0.8693649172782898
ADAM28,0.8095238,CSF2RA,0.8675741,False,ADAM28,CSF2RA,0.9285714,0.8685564398765564
CLEC7A,0.8095238,LOC105375532,0.8461301,False,CLEC7A,LOC105375532,0.9357143,0.8637893795967102
LY86,0.84761906,FYB1,0.79496276,False,LY86,FYB1,0.9464286,0.8630034923553467
BTK,0.9238095,FYB1,0.68215966,False,BTK,FYB1,0.98214287,0.8627040386199951
NR_029394,0.9238095,FYB1,0.6755043,False,NR_029394,FYB1,0.9785714,0.8592950701713562
C4A,0.9238095,COMBINAT8,0.66507405,False,C4A,COMBINAT8,0.98214287,0.8570088744163513
MSR1,0.8857143,FYB1,0.70216477,False,MSR1,FYB1,0.975,0.8542930483818054
PIK3CG,0.9047619,FYB1,0.6755043,False,PIK3CG,FYB1,0.9714286,0.8505649566650391
PTPRC,0.84761906,FYB1,0.7324107,False,PTPRC,FYB1,0.96428573,0.8481051325798035
DOCK8,0.8666667,FYB1,0.7095646,False,DOCK8,FYB1,0.96428573,0.8468389511108398
CYBB,0.84761906,FYB1,0.742494,False,CYBB,FYB1,0.94285715,0.8443233966827393
HAVCR2,0.8857143,LY86,0.6755043,False,HAVCR2,LY86,0.9714286,0.8442156910896301
HLA-DMB,0.75238097,CSF2RA,0.8614606,False,HLA-DMB,CSF2RA,0.91785717,0.8438995480537415
P2RY12,0.84761906,OLR1,0.71504766,False,P2RY12,OLR1,0.95357144,0.8387460708618164
CYBB,0.8857143,LY86,0.66406894,False,CYBB,LY86,0.96428573,0.8380230069160461
SELPLG,0.8857143,LY86,0.6541826,False,SELPLG,LY86,0.9678571,0.8359180092811584
INPP5D,0.8857143,FYB1,0.65333265,False,INPP5D,FYB1,0.9678571,0.835634708404541
VCAN,0.84761906,CTNNAL1,0.6940168,False,VCAN,CTNNAL1,0.96428573,0.8353071808815002
TLR7,0.8666667,LY86,0.6740721,False,TLR7,LY86,0.96428573,0.8350081443786621
ZNF536,0.73333335,MINDY2,0.88214314,False,ZNF536,MINDY2,0.88928574,0.8349207043647766
CD86,0.84761906,LY86,0.71008193,False,CD86,LY86,0.9464286,0.834709882736206
DOCK2,0.8857143,HLA-DMB,0.660717,False,DOCK2,HLA-DMB,0.95714283,0.8345246911048889
TM6SF1,0.9238095,FYB1,0.5976583,False,TM6SF1,FYB1,0.9785714,0.8333463668823242
PIK3CG,0.9238095,HLA-DMB,0.5975216,False,PIK3CG,HLA-DMB,0.9785714,0.8333008289337158
COMBINAT12,0.8095238,GRIK3,0.76483935,False,COMBINAT12,GRIK3,0.925,0.8331210613250732
DQ575742,0.6761905,DQ582666,1.0,False,DQ575742,DQ582666,0.8214286,0.8325397372245789
HLA-DMB,0.9047619,FYB1,0.6106541,False,HLA-DMB,FYB1,0.98214287,0.8325195908546448
NAPSB,0.8857143,FYB1,0.6546036,False,NAPSB,FYB1,0.95714283,0.8324869275093079
RDH10,0.8095238,KIF5A,0.7588001,False,RDH10,KIF5A,0.9285714,0.8322984576225281
SCCPDH,0.7714286,SEMA3B,0.8018161,False,SCCPDH,SEMA3B,0.92142856,0.8315577507019043
NR_029394,0.84761906,LY86,0.6951788,False,NR_029394,LY86,0.95,0.8309326171875
EVI2B,0.84761906,FYB1,0.6909321,False,EVI2B,FYB1,0.95357144,0.8307075500488281
NCKAP1L,0.8095238,LY86,0.75114095,False,NCKAP1L,LY86,0.9285714,0.829745352268219
HLA-DMA,0.8666667,HLA-DMB,0.660717,False,HLA-DMA,HLA-DMB,0.9607143,0.8293659687042236
SORCS1,0.71428573,MINDY2,0.88214314,False,SORCS1,MINDY2,0.8857143,0.8273810744285583
FCGR3A,0.8666667,LY86,0.65467113,False,FCGR3A,LY86,0.9607143,0.8273506760597229
CAB39L,0.8857143,EHBP1,0.6273504,False,CAB39L,EHBP1,0.9678571,0.8269739151000977
BTK,0.9238095,HLA-DMB,0.574405,False,BTK,HLA-DMB,0.98214287,0.8267858028411865
MSR1,0.8095238,LY86,0.7345464,False,MSR1,LY86,0.9357143,0.8265948295593262
TMOD2,0.7904762,TTLL7,0.7605763,False,TMOD2,TTLL7,0.925,0.825350821018219
FCGR1BP,0.7714286,FYB1,0.7786583,False,FCGR1BP,FYB1,0.925,0.8250289559364319
FCGR1CP,0.8095238,FYB1,0.71802783,False,FCGR1CP,FYB1,0.9464286,0.824660062789917
SELPLG,0.8857143,FYB1,0.61286736,False,SELPLG,FYB1,0.9714286,0.8233367800712585
DNM3OS,0.7714286,COMBINAT3,0.8377706,False,DNM3OS,COMBINAT3,0.86071426,0.8233044743537903
AOAH,0.8095238,FYB1,0.72178155,False,AOAH,FYB1,0.9357143,0.8223398327827454
RELN,0.8095238,MPZ,0.7253415,False,RELN,MPZ,0.93214285,0.8223360180854797
INPP5F,0.96190476,NR_003252,0.511726,False,INPP5F,NR_003252,0.99285716,0.8221626281738281
SETBP1,0.84761906,DCHS1,0.67233235,False,SETBP1,DCHS1,0.9464286,0.8221266269683838
HLA-DPA1,0.82857144,FYB1,0.6998574,False,HLA-DPA1,FYB1,0.93214285,0.8201906085014343
AF086028,0.8095238,GAS7,0.7143861,False,AF086028,GAS7,0.9357143,0.8198747634887695
DST,0.82857144,EHBP1,0.684872,False,DST,EHBP1,0.94285715,0.8187668919563293
HLA-DRA,0.9047619,LY86,0.57272875,False,HLA-DRA,LY86,0.9785714,0.818687379360199
ITGB8,0.84761906,SCD,0.650753,False,ITGB8,SCD,0.95714283,0.8185049891471863
PTPRC,0.84761906,HLA-DMB,0.6555949,False,PTPRC,HLA-DMB,0.95,0.8177379965782166
MNDA,0.7904762,FYB1,0.7367408,False,MNDA,FYB1,0.925,0.8174057006835938
ATP8B4,0.84761906,HLA-DMB,0.660717,False,ATP8B4,HLA-DMB,0.94285715,0.8170644640922546
TM6SF1,0.7714286,PFKFB3,0.76163733,False,TM6SF1,PFKFB3,0.91785717,0.8169743418693542
CD86,0.8666667,HLA-DMB,0.61393905,False,CD86,HLA-DMB,0.96428573,0.8149638175964355
GPR65,0.84761906,FYB1,0.6568713,False,GPR65,FYB1,0.9392857,0.8145920634269714
SCCPDH,0.75238097,MINDY2,0.8018161,False,SCCPDH,MINDY2,0.88214284,0.8121132850646973
TAGAP,0.73333335,OLR1,0.8169511,False,TAGAP,OLR1,0.8857143,0.8119995594024658
TYROBP,0.8666667,LY86,0.61535156,False,TYROBP,LY86,0.95357144,0.8118632435798645
LPCAT2,0.7714286,SCD,0.74246556,False,LPCAT2,SCD,0.92142856,0.8117742538452148
CSF2RA,0.7714286,HLA-DMB,0.7310846,False,CSF2RA,HLA-DMB,0.93214285,0.8115520477294922
EPB41L4B,0.7904762,EHBP1,0.70826703,False,EPB41L4B,EHBP1,0.9357143,0.8114858269691467
LAPTM5,0.8857143,LY86,0.5806352,False,LAPTM5,LY86,0.9678571,0.8114021420478821
P2RY13,0.82857144,LOC101927069,0.65402424,False,P2RY13,LOC101927069,0.95,0.8108652234077454
FEZ1,0.63809526,MINDY2,1.0,False,FEZ1,MINDY2,0.79285717,0.8103175163269043
BLNK,0.84761906,CSF2RA,0.62236315,False,BLNK,CSF2RA,0.9607143,0.8102321624755859
MSR1,0.8666667,HLA-DMB,0.60285586,False,MSR1,HLA-DMB,0.9607143,0.8100789189338684
CD53,0.9047619,FYB1,0.54607075,False,CD53,FYB1,0.9785714,0.8098013401031494
CD84,0.8666667,FYB1,0.59063315,False,CD84,FYB1,0.9714286,0.8095760941505432
HBEGF,0.8857143,ABLIM3,0.56408405,False,HBEGF,ABLIM3,0.975,0.8082661628723145
XKR4,0.8095238,ALCAM,0.6931742,False,XKR4,ALCAM,0.92142856,0.8080422282218933
CACHD1,0.7714286,CPE,0.7842634,False,CACHD1,CPE,0.8642857,0.8066592216491699
SAMHD1,0.7714286,KIF5A,0.74932224,False,SAMHD1,KIF5A,0.8964286,0.8057264685630798
PIK3CG,0.7904762,LY86,0.6951788,False,PIK3CG,LY86,0.9285714,0.804742157459259
NKAIN3,0.82857144,SYT10,0.6458777,False,NKAIN3,SYT10,0.9392857,0.8045783042907715
AHR,0.71428573,TTLL7,0.8198264,False,AHR,TTLL7,0.87857145,0.804227888584137
HLA-DRA,0.7904762,FYB1,0.6998574,False,HLA-DRA,FYB1,0.92142856,0.8039207458496094
GPM6B,0.82857144,PDZD2,0.65628946,False,GPM6B,PDZD2,0.925,0.8032869696617126
SCIMP,0.84761906,FYB1,0.622417,False,SCIMP,FYB1,0.9392857,0.8031072616577148
SECISBP2L,0.7714286,EHBP1,0.7307286,False,SECISBP2L,EHBP1,0.9071429,0.803100049495697
EVI2B,0.84761906,HLA-DMB,0.60689527,False,EVI2B,HLA-DMB,0.95357144,0.8026952743530273
C3AR1,0.8666667,FYB1,0.5869462,False,C3AR1,FYB1,0.95357144,0.802394688129425
ADAP2,0.82857144,HLA-DMB,0.6459438,False,ADAP2,HLA-DMB,0.93214285,0.8022193908691406
HPGDS,0.6952381,PFKFB3,0.8467307,False,HPGDS,PFKFB3,0.8642857,0.8020848631858826
TMEM132B,0.84761906,SCD,0.60112864,False,TMEM132B,SCD,0.95357144,0.8007729649543762
SHC4,0.82857144,SEMA3B,0.63944983,False,SHC4,SEMA3B,0.93214285,0.8000547289848328
COL6A3,0.8095238,FAP,0.6613268,False,COL6A3,FAP,0.9285714,0.7998073697090149
HLA-DOA,0.75238097,HLA-DQB1,0.760895,False,HLA-DOA,HLA-DQB1,0.88214284,0.7984729409217834
DQ572964,0.9238095,DQ591995,0.48512092,False,DQ572964,DQ591995,0.98571426,0.7982149124145508
HLA-DMA,0.82857144,FYB1,0.61542195,False,HLA-DMA,FYB1,0.95,0.797997772693634
TMOD2,0.6952381,MINDY2,0.86611927,False,TMOD2,MINDY2,0.83214283,0.7978334426879883
SAMHD1,0.73333335,BIRC3,0.7842634,False,SAMHD1,BIRC3,0.875,0.7975322604179382
COL1A1,0.7714286,CTNNAL1,0.69635576,False,COL1A1,CTNNAL1,0.92142856,0.7964043617248535
CLEC7A,0.71428573,CSF2RA,0.86817527,False,CLEC7A,CSF2RA,0.8035714,0.7953441143035889
BX648801,0.8095238,MIR4451,0.643993,False,BX648801,MIR4451,0.93214285,0.795219898223877
DOCK2,0.8666667,FYB1,0.5653707,False,DOCK2,FYB1,0.95357144,0.795202910900116
NAPSB,0.8666667,HLA-DMB,0.558021,False,NAPSB,HLA-DMB,0.9607143,0.7951340079307556
RAP1GDS1,0.71428573,ZNF423,0.8100489,False,RAP1GDS1,ZNF423,0.86071426,0.7950162887573242
TGFB3,0.75238097,CCN4,0.73520815,False,TGFB3,CCN4,0.8964286,0.7946725487709045
BIN2,0.8666667,FYB1,0.5444296,False,BIN2,FYB1,0.9714286,0.7941749691963196
NR_029394,0.82857144,HLA-DMB,0.5975216,False,NR_029394,HLA-DMB,0.95357144,0.7932214736938477
HLA-DPA1,0.7904762,HLA-DMB,0.65095484,False,HLA-DPA1,HLA-DMB,0.9357143,0.792381763458252
TLR7,0.8666667,HLA-DMB,0.5440638,False,TLR7,HLA-DMB,0.96428573,0.7916720509529114
C3AR1,0.82857144,LY86,0.5962285,False,C3AR1,LY86,0.95,0.7915999889373779
JAKMIP2,0.7714286,KIF5A,0.6996867,False,JAKMIP2,KIF5A,0.9035714,0.7915622591972351
OLR1,0.82857144,LOC101927069,0.6047439,False,OLR1,LOC101927069,0.9392857,0.790867030620575
DOCK8,0.75238097,LY86,0.7264115,False,DOCK8,LY86,0.89285713,0.7905498147010803
LAPTM5,0.84761906,FYB1,0.5663118,False,LAPTM5,FYB1,0.95714283,0.7903578877449036
CNP,0.8095238,KIF5A,0.6319554,False,CNP,KIF5A,0.9285714,0.7900168895721436
TENM1,0.75238097,BIRC3,0.7420747,False,TENM1,BIRC3,0.875,0.7898185849189758
C1orf162,0.7904762,FYB1,0.65333265,False,C1orf162,FYB1,0.925,0.7896029353141785
CR618823,0.75238097,SCD,0.70161927,False,CR618823,SCD,0.9142857,0.7894286513328552
RGS18,0.84761906,HLA-DMB,0.57402474,False,RGS18,HLA-DMB,0.9464286,0.7893574237823486
ADAM28,0.75238097,HLA-DMB,0.7078111,False,ADAM28,HLA-DMB,0.9071429,0.7891116142272949
LST1,0.7904762,FYB1,0.64995533,False,LST1,FYB1,0.925,0.7884771823883057
ANK3,0.73333335,SEMA3B,0.7601937,False,ANK3,SEMA3B,0.87142855,0.7883185744285583
PIK3CG,0.71428573,CSF2RA,0.771101,False,PIK3CG,CSF2RA,0.87857145,0.7879860401153564
P2RX7,0.7904762,LOC101927069,0.6541635,False,P2RX7,LOC101927069,0.91785717,0.787498950958252
FYB1,0.82857144,HLA-DMB,0.5898728,False,FYB1,HLA-DMB,0.94285715,0.7871004939079285
M35980,0.8095238,FYB1,0.6477361,False,M35980,FYB1,0.9035714,0.7869437336921692
CCN4,0.6,DCHS1,1.0,False,CCN4,DCHS1,0.7607143,0.7869048118591309
MS4A7,0.8095238,HLA-DMB,0.6259999,False,MS4A7,HLA-DMB,0.925,0.7868412137031555
PLCB2,0.7714286,CSF2RA,0.6889473,False,PLCB2,CSF2RA,0.9,0.786791980266571
NRXN1,0.7714286,PDZD2,0.6960612,False,NRXN1,PDZD2,0.89285713,0.7867822647094727
EPB41L2,0.73333335,CTNNAL1,0.77629006,False,EPB41L2,CTNNAL1,0.85,0.7865411639213562
FEZ1,0.8095238,SEMA3B,0.6209268,False,FEZ1,SEMA3B,0.9285714,0.7863407135009766
ANK3,0.7904762,EHBP1,0.635528,False,ANK3,EHBP1,0.93214285,0.7860490679740906
AOAH,0.6952381,CSF2RA,0.77255017,False,AOAH,CSF2RA,0.88928574,0.7856913208961487
ST6GALNAC2,0.7904762,EHBP1,0.63875324,False,ST6GALNAC2,EHBP1,0.925,0.7847431302070618
DQ593630,0.6761905,DQ593627,0.8384941,False,DQ593630,DQ593627,0.83928573,0.784656822681427
PLCB2,0.75238097,HLA-DMB,0.7046819,False,PLCB2,HLA-DMB,0.8964286,0.784497082233429
IL1RAPL1,0.8095238,AK125371,0.5974533,False,IL1RAPL1,AK125371,0.9464286,0.7844685912132263
HLA-DPB1,0.82857144,HLA-DMB,0.5811708,False,HLA-DPB1,HLA-DMB,0.94285715,0.7841997742652893
PRC1,0.5809524,SKA3,1.0,False,PRC1,SKA3,0.7714286,0.7841269969940186
FYB1,0.7904762,LY86,0.6290778,False,FYB1,LY86,0.93214285,0.7838990092277527
SORL1,0.75238097,CSF2RA,0.6919138,False,SORL1,CSF2RA,0.9071429,0.7838125228881836
FAM171B,0.82857144,ZNF521,0.57114136,False,FAM171B,ZNF521,0.95,0.783237636089325
ITGB8,0.8095238,OLR1,0.6177149,False,ITGB8,OLR1,0.92142856,0.7828890681266785
CD53,0.8666667,HLA-DMB,0.51736015,False,CD53,HLA-DMB,0.96428573,0.7827708125114441
TMOD2,0.82857144,BC041955,0.5686286,False,TMOD2,BC041955,0.95,0.7824000716209412
CSF1R,0.84761906,FYB1,0.54234713,False,CSF1R,FYB1,0.95714283,0.7823696732521057
FYB1,0.7714286,CSF2RA,0.6673424,False,FYB1,CSF2RA,0.9071429,0.781971275806427
DQ572964,0.75238097,SEMA3B,0.6952765,False,DQ572964,SEMA3B,0.8964286,0.7813620567321777
PRRX1,0.7714286,ZNF423,0.6830939,False,PRRX1,ZNF423,0.88928574,0.781269371509552
PTPRC,0.8095238,LY86,0.61535156,False,PTPRC,LY86,0.91785717,0.7809107899665833
CRYAB,0.71428573,KIF5A,0.7563365,False,CRYAB,KIF5A,0.86785716,0.7794931530952454
SLCO2B1,0.82857144,LY86,0.5587208,False,SLCO2B1,LY86,0.95,0.7790973782539368
SLC2A5,0.8095238,LOC101927069,0.60486245,False,SLC2A5,LOC101927069,0.92142856,0.7786049842834473
PLAAT3,0.82857144,NR2F1,0.5677276,False,PLAAT3,NR2F1,0.9392857,0.7785282731056213
MNDA,0.6761905,LY86,0.79496276,False,MNDA,LY86,0.8642857,0.7784796357154846
OTULINL,0.8095238,FYB1,0.5937377,False,OTULINL,FYB1,0.93214285,0.778468132019043
DQ575742,0.9047619,DQ582460,0.45880112,False,DQ575742,DQ582460,0.9714286,0.7783305644989014
DMD,0.8857143,FXYD1,0.48337713,False,DMD,FXYD1,0.96428573,0.7777923941612244
CD74,0.7904762,LY86,0.5934473,False,CD74,LY86,0.9464286,0.7767840027809143
CD53,0.82857144,LY86,0.5587208,False,CD53,LY86,0.94285715,0.7767164707183838
KCNMB4,0.75238097,CR608080,0.68438107,False,KCNMB4,CR608080,0.89285713,0.7765397429466248
AF085868,0.7714286,LOC105375532,0.6543967,False,AF085868,LOC105375532,0.9035714,0.7764655947685242
ITGAM,0.84761906,HLA-DMB,0.5316763,False,ITGAM,HLA-DMB,0.95,0.7764317989349365
MYO1F,0.82857144,HLA-DMB,0.5684896,False,MYO1F,HLA-DMB,0.93214285,0.7764013409614563
TMOD2,0.8095238,EHBP1,0.5660192,False,TMOD2,EHBP1,0.95357144,0.7763714790344238
INPP5D,0.8857143,HLA-DMB,0.4750871,False,INPP5D,HLA-DMB,0.9678571,0.7762195467948914
INPP5D,0.8095238,CSF2RA,0.5727061,False,INPP5D,CSF2RA,0.9464286,0.7762195467948914
TLR6,0.7714286,GAPT,0.6485891,False,TLR6,GAPT,0.9071429,0.7757201790809631
PRRG4,0.8857143,BC063641,0.473424,False,PRRG4,BC063641,0.9678571,0.7756651043891907
CD84,0.82857144,HLA-DMB,0.5622659,False,CD84,HLA-DMB,0.9357143,0.7755172252655029
NREP,0.6761905,MINDY2,0.8345251,False,NREP,MINDY2,0.8142857,0.7750003933906555
SCIMP,0.7714286,LY86,0.6458778,False,SCIMP,LY86,0.9071429,0.7748164534568787
SORL1,0.7904762,LOC101927069,0.6047439,False,SORL1,LOC101927069,0.9285714,0.77459716796875
CD58,0.6761905,DLEU7-AS1,0.77225256,False,CD58,DLEU7-AS1,0.875,0.7744809985160828
CD74,0.7904762,FYB1,0.59828615,False,CD74,FYB1,0.93214285,0.7736350893974304
TM6SF1,0.8095238,LY86,0.5806352,False,TM6SF1,LY86,0.9285714,0.7729101181030273
DOCK4,0.75238097,LOC101927069,0.6586656,False,DOCK4,LOC101927069,0.9071429,0.7727298140525818
CD14,0.8095238,RNASE6,0.5882217,False,CD14,RNASE6,0.91785717,0.771867573261261
BTK,0.7714286,CSF2RA,0.6257044,False,BTK,CSF2RA,0.91785717,0.7716633677482605
FCGR1CP,0.7714286,PFKFB3,0.6396583,False,FCGR1CP,PFKFB3,0.9035714,0.7715527415275574
PTPRD,0.75238097,CLEC9A,0.65789074,False,PTPRD,CLEC9A,0.9035714,0.7712810039520264
AY011601,0.8095238,CNR1,0.5818562,False,AY011601,CNR1,0.92142856,0.7709361910820007
MS4A6A,0.8095238,GGTA1,0.5817005,False,MS4A6A,GGTA1,0.92142856,0.7708843350410461
EDNRA,0.7714286,MGP,0.63612276,False,EDNRA,MGP,0.9035714,0.7703742384910583
SLCO2B1,0.82857144,FYB1,0.54234713,False,SLCO2B1,FYB1,0.9392857,0.7700681090354919
FCGR3A,0.82857144,FYB1,0.53450626,False,FCGR3A,FYB1,0.9464286,0.7698354125022888
AHNAK,0.75238097,EHBP1,0.6713053,False,AHNAK,EHBP1,0.8857143,0.7698001861572266
COMBINAT14,0.8095238,LY86,0.57752764,False,COMBINAT14,LY86,0.92142856,0.7694933414459229
MEGF9,0.6571429,DST,0.8262458,False,MEGF9,DST,0.825,0.7694628834724426
EVI2B,0.8095238,LY86,0.5737875,False,EVI2B,LY86,0.925,0.7694370746612549
3213041_st,0.54285717,PSR01050378.hg.1,1.0,False,3213041_st,PSR01050378.hg.1,0.76428574,0.7690476775169373
SYK,0.8666667,FYB1,0.4836271,False,SYK,FYB1,0.95357144,0.7679550647735596
RGS18,0.6761905,CSF2RA,0.76273686,False,RGS18,CSF2RA,0.8642857,0.7677376866340637
NCKAP1L,0.82857144,HLA-DMB,0.53088206,False,NCKAP1L,HLA-DMB,0.94285715,0.7674368023872375
JAKMIP2,0.7714286,BC041955,0.6303419,False,JAKMIP2,BC041955,0.9,0.7672567963600159
TM6SF1,0.8095238,CSF2RA,0.56721145,False,TM6SF1,CSF2RA,0.925,0.7672450542449951
SYT10,0.75238097,TBX3,0.6621501,False,SYT10,TBX3,0.8857143,0.7667484283447266
M35980,0.8095238,LY86,0.5544367,False,M35980,LY86,0.9357143,0.7665582299232483
ITIH5,0.82857144,ARHGAP20,0.54238635,False,ITIH5,ARHGAP20,0.9285714,0.7665097713470459
GPR34,0.6571429,TLR7,0.8267431,False,GPR34,TLR7,0.8142857,0.7660572528839111
ITGAM,0.7904762,LY86,0.57911265,False,ITGAM,LY86,0.9285714,0.7660534381866455
SCN7A,0.7714286,TTLL7,0.6372842,False,SCN7A,TTLL7,0.88928574,0.7659995555877686
TM6SF1,0.82857144,HLA-DMB,0.52941847,False,TM6SF1,HLA-DMB,0.9392857,0.7657585144042969
CSF1R,0.8095238,LY86,0.5587208,False,CSF1R,LY86,0.9285714,0.7656053900718689
NAPSB,0.7714286,CSF2RA,0.6071885,False,NAPSB,CSF2RA,0.91785717,0.7654914259910583
CR612521,0.6761905,FAM171B,0.7693606,False,CR612521,FAM171B,0.85,0.7651837468147278
RGS18,0.7904762,FYB1,0.5798306,False,RGS18,FYB1,0.925,0.765102207660675
GFRA3,0.82857144,ALCAM,0.5194468,False,GFRA3,ALCAM,0.9464286,0.7648155689239502
ITGA11,0.6571429,ZNF423,0.80146164,False,ITGA11,ZNF423,0.8357143,0.7647729516029358
NR_003191,0.82857144,GGTA1,0.5189101,False,NR_003191,GGTA1,0.9464286,0.7646366953849792
DLEU7-AS1,0.7904762,CCDC80,0.5818028,False,DLEU7-AS1,CCDC80,0.92142856,0.764569103717804
HAVCR2,0.82857144,HLA-DMB,0.51359475,False,HAVCR2,HLA-DMB,0.95,0.7640554308891296
CCN4,0.8095238,AFAP1L2,0.537611,False,CCN4,AFAP1L2,0.94285715,0.7633306384086609
CD86,0.7714286,CSF2RA,0.61120784,False,CD86,CSF2RA,0.9071429,0.7632597088813782
CD74,0.84761906,HLA-DMB,0.49126735,False,CD74,HLA-DMB,0.95,0.7629621028900146
FLRT3,0.7714286,SORT1,0.60224414,False,FLRT3,SORT1,0.9142857,0.7626528143882751
OTULINL,0.8666667,HLA-DMB,0.46750104,False,OTULINL,HLA-DMB,0.95357144,0.7625797390937805
DOCK4,0.75238097,CSF2RA,0.6458931,False,DOCK4,CSF2RA,0.88928574,0.762519896030426
ELMO1,0.5809524,DHRS3,0.9061524,False,ELMO1,DHRS3,0.79642856,0.7611778378486633
HLA-DMA,0.75238097,LY86,0.6093286,False,HLA-DMA,LY86,0.92142856,0.7610461115837097
UGT8,0.75238097,NR2F1,0.6365465,False,UGT8,NR2F1,0.89285713,0.7605948448181152
CSRNP3,0.6761905,PRIMA1,0.76883465,False,CSRNP3,PRIMA1,0.8357143,0.7602465152740479
ELMO1,0.7714286,KIF5A,0.60470045,False,ELMO1,KIF5A,0.9035714,0.7599001526832581
RDH10,0.7904762,EHBP1,0.54974633,False,RDH10,EHBP1,0.9392857,0.7598361372947693
MYO1F,0.8095238,FYB1,0.5305603,False,MYO1F,FYB1,0.9392857,0.7597899436950684
ADAM28,0.7904762,LOC105375532,0.6173892,False,ADAM28,LOC105375532,0.87142855,0.7597646713256836
CACHD1,0.7714286,CTNNAL1,0.5861674,False,CACHD1,CTNNAL1,0.92142856,0.7596748471260071
PSR0X005132.hg.1,0.7904762,SNORA2A,0.5521751,False,PSR0X005132.hg.1,SNORA2A,0.9357143,0.7594552040100098
DOCK2,0.75238097,CSF2RA,0.6257044,False,DOCK2,CSF2RA,0.9,0.759361743927002
BTK,0.7714286,LY86,0.5952426,False,BTK,LY86,0.91071427,0.7591285109519958
DOCK8,0.8666667,HLA-DMB,0.45931256,False,DOCK8,HLA-DMB,0.95,0.7586597800254822
JAKMIP2,0.75238097,EHBP1,0.6084967,False,JAKMIP2,EHBP1,0.9142857,0.7583878040313721
SLITRK2,0.8095238,ELMO1,0.53304017,False,SLITRK2,ELMO1,0.93214285,0.7582356333732605
SCCPDH,0.8666667,DQ591995,0.44720176,False,SCCPDH,DQ591995,0.9607143,0.7581942081451416
ITPR3,0.7714286,PLEKHA4,0.5954566,False,ITPR3,PLEKHA4,0.9071429,0.7580093741416931
CIITA,0.84761906,CSF2RA,0.48297167,False,CIITA,CSF2RA,0.94285715,0.7578160166740417
SCIN,0.8095238,LOC101927069,0.5495217,False,SCIN,LOC101927069,0.9142857,0.7577770352363586
CX3CR1,0.75238097,LY86,0.635229,False,CX3CR1,LY86,0.8857143,0.7577747702598572
COL6A3,0.7904762,CTNNAL1,0.57858527,False,COL6A3,CTNNAL1,0.9035714,0.7575442790985107
MNDA,0.8095238,HLA-DMB,0.53088206,False,MNDA,HLA-DMB,0.93214285,0.7575162053108215
GAPT,0.61904764,LY86,0.8196207,False,GAPT,LY86,0.83214283,0.7569370269775391
HBEGF,0.61904764,3305622_st,0.8907494,False,HBEGF,3305622_st,0.7607143,0.7568371295928955
TMEM245,0.7714286,EHBP1,0.58416367,False,TMEM245,EHBP1,0.9142857,0.7566259503364563
CSF2RA,0.7904762,PFKFB3,0.55343664,False,CSF2RA,PFKFB3,0.925,0.7563042640686035
BX641068,0.8095238,ST6GALNAC2,0.53312665,False,BX641068,ST6GALNAC2,0.925,0.7558834552764893
GPR65,0.8095238,HLA-DMB,0.5218248,False,GPR65,HLA-DMB,0.9357143,0.7556876540184021
CR612521,0.75238097,AGMO,0.6209268,False,CR612521,AGMO,0.89285713,0.7553882598876953
NR_003251,0.84761906,NR_003252,0.46126455,False,NR_003251,NR_003252,0.95714283,0.7553421854972839
RDH10,0.75238097,TTLL7,0.6026935,False,RDH10,TTLL7,0.91071427,0.7552628517150879
ADAP2,0.8095238,FYB1,0.5237035,False,ADAP2,FYB1,0.93214285,0.7551234364509583
IFIT2,0.6761905,DQ591995,0.7564836,False,IFIT2,DQ591995,0.83214283,0.7549390196800232
TSHZ2,0.75238097,SPRY1,0.6247964,False,TSHZ2,SPRY1,0.8857143,0.7542972564697266
CRYAB,0.7714286,SLC15A3,0.5837167,False,CRYAB,SLC15A3,0.9071429,0.7540960311889648
C3,0.82857144,FCGR3A,0.50866014,False,C3,FCGR3A,0.925,0.7540771961212158
H2BC7,0.84761906,H2BC9,0.4641624,False,H2BC7,H2BC9,0.95,0.7539271712303162
CSF2RA,0.6571429,CLEC9A,0.7899927,False,CSF2RA,CLEC9A,0.8142857,0.7538070678710938
PRKCA,0.61904764,AFAP1L2,0.8384941,False,PRKCA,AFAP1L2,0.8035714,0.7537043690681458
RGS18,0.75238097,LY86,0.60860497,False,RGS18,LY86,0.9,0.7536619305610657
CPPED1,0.63809526,DLEU7-AS1,0.77886575,False,CPPED1,DLEU7-AS1,0.8428571,0.7532727122306824
SYK,0.8857143,HLA-DMB,0.40936044,False,SYK,HLA-DMB,0.96428573,0.7531201243400574
NFATC2,0.75238097,KPNA2,0.5831139,False,NFATC2,KPNA2,0.92142856,0.7523078322410583
JAKMIP2,0.7714286,AL833212,0.57785505,False,JAKMIP2,AL833212,0.9071429,0.7521421909332275
BGN,0.84761906,SULF1,0.4587873,False,BGN,SULF1,0.95,0.7521354556083679
M25786,0.7904762,LY86,0.55511665,False,M25786,LY86,0.91071427,0.7521023750305176
SLC2A5,0.7714286,PFKFB3,0.56975996,False,SLC2A5,PFKFB3,0.9142857,0.7518247961997986
AK130834,0.75238097,LOC105375532,0.5974533,False,AK130834,LOC105375532,0.9035714,0.7511351704597473
PADI2,0.7714286,PFKFB3,0.5772419,False,PADI2,PFKFB3,0.9035714,0.7507472634315491
TMOD2,0.75238097,KIF5A,0.61368823,False,TMOD2,KIF5A,0.8857143,0.750594437122345
CSF2RA,0.7904762,FYB1,0.5386276,False,CSF2RA,FYB1,0.92142856,0.7501774430274963
DQ582666,0.82857144,DQ595494,0.48563844,False,DQ582666,DQ595494,0.9357143,0.7499747276306152
FCGR1A,0.7714286,FYB1,0.55164695,False,FCGR1A,FYB1,0.92142856,0.7481679916381836
CCR1,0.6761905,CCDC88A,0.76087564,False,CCR1,CCDC88A,0.80714285,0.7480695843696594
GATM,0.6761905,FRMD5,0.7635425,False,GATM,FRMD5,0.8035714,0.7477681636810303
CD4,0.61904764,H3C11,0.8056206,False,CD4,H3C11,0.81785715,0.7475085258483887
TTLL7,0.7904762,BC041955,0.5158386,False,TTLL7,BC041955,0.9357143,0.7473430633544922
FMN2,0.7714286,PLAAT3,0.5382587,False,FMN2,PLAAT3,0.93214285,0.7472767233848572
NRXN1,0.7904762,ASPA,0.5459881,False,NRXN1,ASPA,0.9035714,0.7466785907745361
PTGIS,0.75238097,MGP,0.60846305,False,PTGIS,MGP,0.875,0.7452813982963562
CR618823,0.63809526,AFAP1L2,0.8214017,False,CR618823,AFAP1L2,0.775,0.7448323369026184
MFAP4,0.75238097,SPOCK1,0.5915783,False,MFAP4,SPOCK1,0.88928574,0.7444150447845459
NCAM2,0.75238097,SBSPON,0.5721402,False,NCAM2,SBSPON,0.9071429,0.7438880801200867
CAB39L,0.7714286,TTLL7,0.5522772,False,CAB39L,TTLL7,0.9071429,0.7436162829399109
STK32A,0.7904762,CHL1,0.54276484,False,STK32A,CHL1,0.8964286,0.7432231903076172
ARHGEF26,0.82857144,CR608080,0.44782913,False,ARHGEF26,CR608080,0.95,0.7421335577964783
BLNK,0.84761906,HLA-DMB,0.41710925,False,BLNK,HLA-DMB,0.9607143,0.7418141961097717
TREM2,0.7714286,FCGR1CP,0.5375703,False,TREM2,FCGR1CP,0.9142857,0.7410948276519775
PPM1K,0.61904764,PDZD2,0.83768743,False,PPM1K,PDZD2,0.76428574,0.7403402924537659
LOC101927069,0.7714286,COMBINAT3,0.5326312,False,LOC101927069,COMBINAT3,0.9142857,0.7394484877586365
KCNMB4,0.7904762,ASPA,0.5342539,False,KCNMB4,ASPA,0.89285713,0.7391957640647888
TENM1,0.75238097,ANXA3,0.55774826,False,TENM1,ANXA3,0.9071429,0.7390906810760498
HLA-DRB4,0.75238097,M35980,0.5545989,False,HLA-DRB4,M35980,0.9071429,0.7380409240722656
NDRG2,0.8095238,ATP1A2,0.48124182,False,NDRG2,ATP1A2,0.92142856,0.737398087978363
EPB41L4B,0.7714286,SNCA,0.5680914,False,EPB41L4B,SNCA,0.87142855,0.7369828224182129
NR2F1,0.75238097,SBSPON,0.55042297,False,NR2F1,SBSPON,0.9071429,0.7366489768028259
AOAH,0.7714286,GGTA1,0.55270594,False,AOAH,GGTA1,0.8857143,0.736616313457489
CMTM5,0.8095238,EHBP1,0.51052105,False,CMTM5,EHBP1,0.88928574,0.7364435195922852
SGCD,0.75238097,TAGAP,0.5568992,False,SGCD,TAGAP,0.9,0.7364266514778137
CD14,0.7714286,LY86,0.5587208,False,CD14,LY86,0.87857145,0.7362403273582458
BIN2,0.82857144,HLA-DMB,0.4387423,False,BIN2,HLA-DMB,0.9392857,0.7355331778526306
MBP,0.75238097,CTNNAL1,0.5602068,False,MBP,CTNNAL1,0.89285713,0.7351482510566711
EYA1,0.6,APBB1IP,0.8089826,False,EYA1,APBB1IP,0.79642856,0.7351370453834534
FGD4,0.7714286,CSF2RA,0.5088642,False,FGD4,CSF2RA,0.925,0.7350975871086121
ST6GAL1,0.82857144,HLA-DMB,0.43358785,False,ST6GAL1,HLA-DMB,0.94285715,0.7350055575370789
H4C2,0.61904764,H2BC9,0.8134815,False,H4C2,H2BC9,0.7714286,0.734652578830719
C1orf162,0.7904762,HLA-DMB,0.4750871,False,C1orf162,HLA-DMB,0.9357143,0.7337591648101807
PPP2R2B,0.5809524,SEMA3B,0.83700716,False,PPP2R2B,SEMA3B,0.7821429,0.7333674430847168
NUDT3,0.82857144,DQ591995,0.42827147,False,NUDT3,DQ591995,0.94285715,0.7332332730293274
STX11,0.75238097,SLC15A3,0.5502407,False,STX11,SLC15A3,0.8964286,0.7330167293548584
INKA2,0.75238097,NR_003252,0.5452845,False,INKA2,NR_003252,0.9,0.7325551509857178
TFEC,0.7714286,LOC105375532,0.53345835,False,TFEC,LOC105375532,0.88928574,0.7313908934593201
ITGB8,0.75238097,ITGA2,0.57015514,False,ITGB8,ITGA2,0.87142855,0.7313215732574463
CD4,0.7714286,LY86,0.5185325,False,CD4,LY86,0.9035714,0.7311775088310242
TUSC3,0.75238097,FRMD3,0.54814917,False,TUSC3,FRMD3,0.89285713,0.7311291098594666
ASPM,0.75238097,TOP2A,0.51927936,False,ASPM,TOP2A,0.92142856,0.7310296893119812
SERPINA3,0.75238097,HLA-DRB4,0.5684896,False,SERPINA3,HLA-DRB4,0.87142855,0.7307663559913635
SELL,0.7714286,LY86,0.5061045,False,SELL,LY86,0.9142857,0.7306062579154968
SLC38A1,0.63809526,FCER1A,0.78004086,False,SLC38A1,FCER1A,0.7714286,0.7298548817634583
NLGN3,0.7904762,ITGA2,0.50232923,False,NLGN3,ITGA2,0.8964286,0.7297446727752686
NUSAP1,0.7714286,KIF11,0.502523,False,NUSAP1,KIF11,0.9142857,0.7294123768806458
GFRA1,0.7714286,BX641068,0.5197738,False,GFRA1,BX641068,0.8964286,0.7292103171348572
CR612521,0.6,FAM43A,0.7725111,False,CR612521,FAM43A,0.8142857,0.7289323210716248
HLA-DQB1,0.82857144,HLA-DPB2,0.4084626,False,HLA-DQB1,HLA-DPB2,0.9464286,0.727820873260498
CDKN3,0.63809526,CENPE,0.7696634,False,CDKN3,CENPE,0.775,0.7275862693786621
FMOD,0.8095238,TSHZ2,0.44807598,False,FMOD,TSHZ2,0.925,0.7275332808494568
HLA-DMB,0.61904764,LOC105375532,0.8056206,False,HLA-DMB,LOC105375532,0.75714284,0.7272703647613525
ANK3,0.7714286,BC041955,0.4887276,False,ANK3,BC041955,0.92142856,0.7271949648857117
DCHS1,0.75238097,CCDC80,0.5279065,False,DCHS1,CCDC80,0.9,0.7267624735832214
ARL4C,0.8095238,CR623190,0.43860066,False,ARL4C,CR623190,0.93214285,0.7267557978630066
FMOD,0.7714286,ZNF423,0.48944795,False,FMOD,ZNF423,0.91785717,0.7262446284294128
EHBP1,0.75238097,AL833212,0.54315305,False,EHBP1,AL833212,0.88214284,0.7258923053741455
DQ668391,0.7714286,EHBP1,0.5044832,False,DQ668391,EHBP1,0.9,0.7253039479255676
STK32A,0.7904762,MINDY2,0.4607091,False,STK32A,MINDY2,0.92142856,0.7242045998573303
CD69,0.75238097,EVI2B,0.52535784,False,CD69,EVI2B,0.89285713,0.72353196144104
ST6GALNAC2,0.7714286,BC041955,0.49671137,False,ST6GALNAC2,BC041955,0.9,0.72271329164505
ARHGAP15,0.7714286,CSF2RA,0.5242423,False,ARHGAP15,CSF2RA,0.87142855,0.7223665118217468
NTNG1,0.7714286,IL1RAPL1,0.48833525,False,NTNG1,IL1RAPL1,0.9035714,0.7211117744445801
LGI4,0.7714286,ITGB4,0.48713368,False,LGI4,ITGB4,0.9035714,0.7207112312316895
PCDH18,0.84761906,SPRY1,0.35941693,False,PCDH18,SPRY1,0.95357144,0.7202024459838867
CD14,0.7714286,GIMAP4,0.4800794,False,CD14,GIMAP4,0.9035714,0.7183597683906555
COL1A1,0.7904762,PTPRG,0.43957204,False,COL1A1,PTPRG,0.925,0.7183493971824646
ARHGAP11A,0.8095238,ARHGAP11B,0.41679287,False,ARHGAP11A,ARHGAP11B,0.9285714,0.7182960510253906
LPCAT2,0.6,OTULINL,0.7605763,False,LPCAT2,OTULINL,0.79285717,0.7178111672401428
TGFB3,0.7904762,ADAMTS3,0.42340037,False,TGFB3,ADAMTS3,0.9392857,0.7177207469940186
PLAT,0.75238097,SORL1,0.51183367,False,PLAT,SORL1,0.8857143,0.7166430354118347
SCD,0.8095238,CDH19,0.4105592,False,SCD,CDH19,0.9285714,0.7162181735038757
FGD4,0.8095238,MIR3690,0.39797223,False,FGD4,MIR3690,0.9392857,0.7155938744544983
NREP,0.75238097,ITGB4,0.48821768,False,NREP,ITGB4,0.9035714,0.7147233486175537
HELLS,0.5809524,SCD,0.8089826,False,HELLS,SCD,0.75357145,0.7145021557807922
GATM,0.75238097,CRYAB,0.51883316,False,GATM,CRYAB,0.87142855,0.7142142653465271
HLA-DRB1,0.75238097,CIITA,0.49296096,False,HLA-DRB1,CIITA,0.8964286,0.713923454284668
SCIMP,0.8095238,HLA-DMB,0.3993227,False,SCIMP,HLA-DMB,0.9285714,0.712472677230835
PPM1K,0.7904762,COMBINAT5,0.41679287,False,PPM1K,COMBINAT5,0.9285714,0.7119467854499817
NR_029394,0.7714286,COMBINAT3,0.45794487,False,NR_029394,COMBINAT3,0.9035714,0.7109816074371338
PMP22,0.75238097,BC041955,0.49778032,False,PMP22,BC041955,0.88214284,0.7107680439949036
HLA-DQB1,0.75238097,HLA-DMB,0.511726,False,HLA-DQB1,HLA-DMB,0.86785716,0.7106547355651855
DCHS1,0.7904762,TSHZ2,0.40924582,False,DCHS1,TSHZ2,0.93214285,0.7106216549873352
AY927489,0.7714286,FCGR3A,0.44759724,False,AY927489,FCGR3A,0.91071427,0.709913432598114
CSF1R,0.8095238,HLA-DMB,0.40056363,False,CSF1R,HLA-DMB,0.91785717,0.7093148231506348
LGALS9,0.7904762,HLA-DMB,0.41911402,False,LGALS9,HLA-DMB,0.9142857,0.7079586386680603
SLC35F1,0.7714286,DQ591995,0.44352573,False,SLC35F1,DQ591995,0.9035714,0.7061752676963806
MS4A14,0.75238097,HLA-DMB,0.46407178,False,MS4A14,HLA-DMB,0.9,0.7054842114448547
MS4A6A,0.7714286,MS4A4E,0.43364125,False,MS4A6A,MS4A4E,0.91071427,0.7052614092826843
FXYD1,0.7714286,BC041955,0.4209591,False,FXYD1,BC041955,0.92142856,0.7046054005622864
TTLL7,0.75238097,AL833212,0.46727493,False,TTLL7,AL833212,0.89285713,0.7041710019111633
BMP5,0.75238097,CCDC152,0.4484818,False,BMP5,CCDC152,0.91071427,0.7038590312004089
DMD,0.75238097,CMTM5,0.458789,False,DMD,CMTM5,0.9,0.7037232518196106
HLA-DPB1,0.6,FIBIN,0.7568502,False,HLA-DPB1,FIBIN,0.75357145,0.7034738659858704
ZMAT3,0.75238097,GAPT,0.45984453,False,ZMAT3,GAPT,0.8964286,0.7028846740722656
ARHGAP11B,0.7714286,H3C11,0.43358785,False,ARHGAP11B,H3C11,0.9035714,0.702862560749054
TLR3,0.75238097,CX3CR1,0.46292278,False,TLR3,CX3CR1,0.89285713,0.7027203440666199
MIR4451,0.8095238,LOC105375532,0.35584354,False,MIR4451,LOC105375532,0.9392857,0.7015510201454163
FCER1A,0.7904762,TES,0.39982408,False,FCER1A,TES,0.9142857,0.7015286087989807
COL6A3,0.5619048,ZNF423,0.7888285,False,COL6A3,ZNF423,0.75357145,0.7014349102973938
FCGR1CP,0.8095238,HLA-DMB,0.3629527,False,FCGR1CP,HLA-DMB,0.9285714,0.7003493309020996
ITGB8,0.75238097,KCNMB4,0.46208397,False,ITGB8,KCNMB4,0.8857143,0.700059711933136
DQ595494,0.75238097,DQ582460,0.4537198,False,DQ595494,DQ582460,0.89285713,0.6996526122093201
ARHGAP28,0.7904762,EBF3,0.39501712,False,ARHGAP28,EBF3,0.91071427,0.6987358927726746
CSF2RA,0.75238097,DIRAS3,0.48418853,False,CSF2RA,DIRAS3,0.85714287,0.697904109954834
NDRG2,0.7714286,CRYAB,0.40414757,False,NDRG2,CRYAB,0.91785717,0.6978111267089844
MEIS2,0.75238097,EBF3,0.44495106,False,MEIS2,EBF3,0.89285713,0.6967297196388245
H3C2,0.7904762,MKI67,0.37891555,False,H3C2,MKI67,0.91785717,0.6957495808601379
PPP2R2B,0.7714286,FIGN,0.39017415,False,PPP2R2B,FIGN,0.925,0.6955342292785645
DSG2,0.8095238,AK094916,0.3480449,False,DSG2,AK094916,0.9285714,0.6953800320625305
KIF23,0.7904762,ANLN,0.38056946,False,KIF23,ANLN,0.9142857,0.6951104998588562
PDE10A,0.7714286,GBP2,0.4050494,False,PDE10A,GBP2,0.9071429,0.6945403218269348
DQ591995,0.75238097,SEMA3B,0.42603418,False,DQ591995,SEMA3B,0.9035714,0.6939955353736877
VSIG4,0.75238097,IL10RA,0.4280955,False,VSIG4,IL10RA,0.9,0.6934921145439148
RBFOX2,0.7714286,ENAH,0.4077019,False,RBFOX2,ENAH,0.9,0.6930435299873352
ITM2A,0.8095238,KIF13B,0.3337418,False,ITM2A,KIF13B,0.9357143,0.6929933428764343
IL10RA,0.8095238,HLA-DMB,0.38200232,False,IL10RA,HLA-DMB,0.8857143,0.6924135088920593
EDNRA,0.75238097,DCHS1,0.42120197,False,EDNRA,DCHS1,0.9035714,0.6923847794532776
ZNF521,0.75238097,SPRY1,0.40311804,False,ZNF521,SPRY1,0.92142856,0.6923092007637024
CX3CR1,0.75238097,COMBINAT3,0.43823534,False,CX3CR1,COMBINAT3,0.8857143,0.6921102404594421
LST1,0.75238097,HLA-DMB,0.41911402,False,LST1,HLA-DMB,0.9,0.6904983520507812
CIITA,0.75238097,MX1,0.44536895,False,CIITA,MX1,0.87142855,0.6897261142730713
GSAP,0.75238097,ANXA1,0.42510512,False,GSAP,ANXA1,0.88928574,0.6889238953590393
STARD13,0.7904762,MIR4500,0.3575469,False,STARD13,MIR4500,0.91785717,0.688626766204834
TPX2,0.84761906,TOP2A,0.26775423,False,TPX2,TOP2A,0.95,0.688457727432251
RBFOX2,0.7714286,ZNF521,0.38724893,False,RBFOX2,ZNF521,0.9035714,0.6874163150787354
HSPA12A,0.7714286,ATP1A2,0.3718485,False,HSPA12A,ATP1A2,0.91785717,0.6870447993278503
EYA1,0.75238097,RTKN2,0.43253806,False,EYA1,RTKN2,0.875,0.6866396069526672
DST,0.7714286,SBSPON,0.40160972,False,DST,SBSPON,0.8857143,0.6862508654594421
FCGR1BP,0.7714286,HLA-DMB,0.3867339,False,FCGR1BP,HLA-DMB,0.8964286,0.6848637461662292
SCD,0.75238097,ITGA2,0.4096755,False,SCD,ITGA2,0.88928574,0.6837807297706604
IGF2BP1,0.82857144,BMP5,0.27275947,False,IGF2BP1,BMP5,0.95,0.6837769150733948
DQ575742,0.7904762,DQ595494,0.35552815,False,DQ575742,DQ595494,0.9035714,0.6831919550895691
DQ593630,0.7904762,DQ595494,0.35552815,False,DQ593630,DQ595494,0.9035714,0.6831919550895691
ZEB2,0.7714286,GAS7,0.37338224,False,ZEB2,GAS7,0.9035714,0.6827940940856934
PLAT,0.7714286,SNAI2,0.36961207,False,PLAT,SNAI2,0.9071429,0.6827278137207031
BC017398,0.75238097,PPM1K,0.40026197,False,BC017398,PPM1K,0.89285713,0.6818333268165588
L1CAM,0.7904762,DQ591995,0.3345133,False,L1CAM,DQ591995,0.91785717,0.6809489130973816
ADAM12,0.8095238,DMD,0.31994146,False,ADAM12,DMD,0.91071427,0.6800599098205566
ADAM12,0.75238097,BC063641,0.42845136,False,ADAM12,BC063641,0.85714287,0.6793251037597656
ARRB2,0.75238097,HLA-DMB,0.39831853,False,ARRB2,HLA-DMB,0.8857143,0.6788045763969421
TENM1,0.7904762,KIF5A,0.34159562,False,TENM1,KIF5A,0.9035714,0.6785477995872498
MAL,0.75238097,CAB39L,0.39190677,False,MAL,CAB39L,0.88928574,0.6778578162193298
MPZ,0.7714286,BC063641,0.41494507,False,MPZ,BC063641,0.8464286,0.6776008009910583
ITPR3,0.7904762,ITPK1,0.31729013,False,ITPR3,ITPK1,0.925,0.6775887608528137
C3AR1,0.75238097,HLA-DMB,0.3704603,False,C3AR1,HLA-DMB,0.9071429,0.6766613125801086
SORL1,0.75238097,COMBINAT3,0.3834512,False,SORL1,COMBINAT3,0.89285713,0.6762297749519348
H2AC4,0.75238097,H2BC9,0.37546656,False,H2AC4,H2BC9,0.9,0.6759491562843323
CIITA,0.7714286,HLA-DMB,0.34868234,False,CIITA,HLA-DMB,0.9,0.673370361328125
NR_003251,0.75238097,CLEC7A,0.40833053,False,NR_003251,CLEC7A,0.85714287,0.6726181507110596
SCN9A,0.8095238,DQ591995,0.28973743,False,SCN9A,DQ591995,0.91785717,0.6723728179931641
CR623190,0.75238097,STK26,0.35830647,False,CR623190,STK26,0.9035714,0.671419620513916
LMNB1,0.7714286,CCNB1,0.3426236,False,LMNB1,CCNB1,0.9,0.6713507175445557
RORA,0.7904762,SPRY1,0.29114914,False,RORA,SPRY1,0.93214285,0.6712560653686523
LINC03124,0.7714286,AK125371,0.34332755,False,LINC03124,AK125371,0.8964286,0.6703948974609375
KPNA2,0.75238097,FCGR3A,0.35652164,False,KPNA2,FCGR3A,0.9,0.6696341633796692
TLR1,0.7714286,COMBINAT3,0.3337118,False,TLR1,COMBINAT3,0.9035714,0.6695706248283386
TRPS1,0.75238097,FYB1,0.35122845,False,TRPS1,FYB1,0.9035714,0.6690602898597717
TGFBR2,0.75238097,ZEB2,0.40728274,False,TGFBR2,ZEB2,0.8464286,0.6686974167823792
SHH,0.75238097,ITM2A,0.38874468,False,SHH,ITM2A,0.8642857,0.6684704422950745
LRRC17,0.7714286,EBF3,0.3514689,False,LRRC17,EBF3,0.88214284,0.6683468222618103
BGN,0.7714286,STARD13,0.33674023,False,BGN,STARD13,0.8964286,0.6681991219520569
HLA-DRB6,0.75238097,CCDC88A,0.3586535,False,HLA-DRB6,CCDC88A,0.89285713,0.6679638028144836
MYO5A,0.7714286,FGFR1,0.31989205,False,MYO5A,FGFR1,0.91071427,0.6673449873924255
PRNP,0.7714286,AHR,0.3345752,False,PRNP,AHR,0.89285713,0.6662869453430176
PLEK,0.75238097,GGTA1,0.3389983,False,PLEK,GGTA1,0.9071429,0.666174054145813
LAPTM5,0.7714286,HLA-DMB,0.31869015,False,LAPTM5,HLA-DMB,0.9071429,0.6657539010047913
ADAM23,0.75238097,SHISA9,0.35503456,False,ADAM23,SHISA9,0.88928574,0.6655671000480652
LYNX1,0.7714286,CPPED1,0.34267277,False,LYNX1,CPPED1,0.88214284,0.6654147505760193
MKI67,0.75238097,BUB1,0.37528303,False,MKI67,BUB1,0.86785716,0.6651737093925476
H2BC7,0.75238097,H3C11,0.3606618,False,H2BC7,H3C11,0.88214284,0.665061891078949
CHST9,0.75238097,NR_045066,0.36385134,False,CHST9,NR_045066,0.87857145,0.6649345755577087
ABLIM3,0.75238097,PSR07002503.hg.1,0.3491934,False,ABLIM3,PSR07002503.hg.1,0.89285713,0.6648104786872864
M25786,0.75238097,HLA-DMB,0.34868234,False,M25786,HLA-DMB,0.89285713,0.6646401286125183
HBEGF,0.7714286,P2RX7,0.3205463,False,HBEGF,P2RX7,0.9,0.6639916300773621
CCDC88A,0.8095238,HLA-DMB,0.24255991,False,CCDC88A,HLA-DMB,0.9392857,0.6637898087501526
TGFBR2,0.7714286,SNORA71C,0.32276183,False,TGFBR2,SNORA71C,0.89285713,0.6623491644859314
ARHGEF6,0.75238097,P2RY13,0.3343152,False,ARHGEF6,P2RY13,0.89285713,0.65985107421875
PTPRD,0.75238097,EBF3,0.3517816,False,PTPRD,EBF3,0.875,0.6597208380699158
M25786,0.7714286,PSR01050378.hg.1,0.27798206,False,M25786,PSR01050378.hg.1,0.925,0.6581368446350098
NRXN1,0.75238097,LETR1,0.3095237,False,NRXN1,LETR1,0.91071427,0.6575396656990051
SELPLG,0.7714286,HLA-DMB,0.27898806,False,SELPLG,HLA-DMB,0.92142856,0.657281756401062
MKI67,0.75238097,TOP2A,0.3105969,False,MKI67,TOP2A,0.9071429,0.6567069292068481
ITPRID2,0.75238097,BC063641,0.33688197,False,ITPRID2,BC063641,0.875,0.6547543406486511
TFRC,0.75238097,SLC15A3,0.3427063,False,TFRC,SLC15A3,0.8642857,0.6531243324279785
ITPK1,0.75238097,DQ591995,0.29594243,False,ITPK1,DQ591995,0.91071427,0.6530125737190247
ARHGAP28,0.7714286,TNMD,0.28030658,False,ARHGAP28,TNMD,0.9,0.6505783796310425
SPTBN1,0.8095238,SEMA3B,0.20624292,False,SPTBN1,SEMA3B,0.9357143,0.6504936814308167
H2BC7,0.75238097,CKS2,0.27809477,False,H2BC7,CKS2,0.9142857,0.648253858089447
RGS4,0.7714286,FOXD3,0.25655577,False,RGS4,FOXD3,0.91071427,0.6462329030036926
ANXA1,0.75238097,HLA-DPB1,0.26672512,False,ANXA1,HLA-DPB1,0.9142857,0.6444639563560486
MYO5A,0.7714286,CCDC80,0.25316876,False,MYO5A,CCDC80,0.9,0.6415324807167053
RACGAP1,0.7714286,NUSAP1,0.2293757,False,RACGAP1,NUSAP1,0.92142856,0.6407442688941956
NLGN3,0.75238097,KCNMB4,0.26733208,False,NLGN3,KCNMB4,0.9,0.6399043202400208
GAS2L3,0.75238097,MAL,0.3203173,False,GAS2L3,MAL,0.8428571,0.6385184526443481
CSRNP3,0.7904762,TSHZ2,0.20678598,False,CSRNP3,TSHZ2,0.91785717,0.6383731365203857
OGFRL1,0.7904762,FGD4,0.20413573,False,OGFRL1,FGD4,0.91785717,0.6374897360801697
COMBINAT10,0.75238097,COMBINAT5,0.24773863,False,COMBINAT10,COMBINAT5,0.91071427,0.636944591999054
GAS2L3,0.75238097,ZNF827,0.2584141,False,GAS2L3,ZNF827,0.9,0.6369317173957825
PSR0X005132.hg.1,0.75238097,PSR07002505.hg.1,0.25588492,False,PSR0X005132.hg.1,PSR07002505.hg.1,0.88928574,0.6325171589851379
PSR07002503.hg.1,0.75238097,PSR07002505.hg.1,0.24336015,False,PSR07002503.hg.1,PSR07002505.hg.1,0.9,0.6319137215614319
CD58,0.75238097,KIF13B,0.23829526,False,CD58,KIF13B,0.88928574,0.6266539692878723
H2AC8,0.7714286,H3C11,0.2578524,False,H2AC8,H3C11,0.85,0.6264269948005676
TGFBR2,0.75238097,ALCAM,0.24195279,False,TGFBR2,ALCAM,0.88214284,0.6254921555519104
SETBP1,0.75238097,RGS4,0.22975527,False,SETBP1,RGS4,0.88214284,0.6214263439178467
ARHGEF6,0.7904762,CCDC152,0.18495579,False,ARHGEF6,CCDC152,0.87857145,0.6180011630058289
PRAME,0.7714286,MX1,0.19454353,False,PRAME,MX1,0.88214284,0.6160383224487305
MCM6,0.75238097,DQ601279,0.16595559,False,MCM6,DQ601279,0.8964286,0.6049217581748962
KNTC1,0.7714286,LOC105375532,0.12860292,False,KNTC1,LOC105375532,0.91071427,0.6035819053649902
SKA3,0.7714286,TOP2A,0.092479505,False,SKA3,TOP2A,0.8857143,0.5832074284553528
SIX1,0.8095238,DIRAS3,0.0,False,SIX1,DIRAS3,0.9357143,0.5817460417747498
STIL,0.7714286,CCNB1,0.0,False,STIL,CCNB1,0.925,0.5654761791229248
STIL,0.7714286,KIF11,0.0,False,STIL,KIF11,0.9,0.5571428537368774
KNL1,0.75238097,KIF14,0.0,False,KNL1,KIF14,0.8964286,0.5496031641960144
CENPK,0.75238097,EZH2,0.0,False,CENPK,EZH2,0.88928574,0.5472221970558167
NCAPG,0.75238097,ASPM,0.0,False,NCAPG,ASPM,0.87857145,0.5436508059501648
KIF14,0.75238097,CKAP2L,,False,KIF14,CKAP2L,0.89285713,
